insert into city (postal_code, latitude, longitude, name, state_code, county) values ('80001','+39.522014','-105.223945','ARVADA','CO','JEFFERSON');
insert into city (postal_code, latitude, longitude, name, state_code, county) values ('80002','+39.827818','-105.109236','ARVADA','CO','JEFFERSON');
insert into city (postal_code, latitude, longitude, name, state_code, county) values ('80003','+39.835086','-105.105775','ARVADA','CO','JEFFERSON');
insert into city (postal_code, latitude, longitude, name, state_code, county) values ('80004','+39.814481','-105.128173','ARVADA','CO','JEFFERSON');
insert into city (postal_code, latitude, longitude, name, state_code, county) values ('80005','+39.857259','-105.123440','ARVADA','CO','JEFFERSON');
insert into city (postal_code, latitude, longitude, name, state_code, county) values ('80006','+39.522014','-105.223945','ARVADA','CO','JEFFERSON');
insert into city (postal_code, latitude, longitude, name, state_code, county) values ('80007','+39.863369','-105.172429','ARVADA','CO','JEFFERSON');
insert into city (postal_code, latitude, longitude, name, state_code, county) values ('80010','+39.715287','-104.847480','AURORA','CO','ARAPAHOE');
insert into city (postal_code, latitude, longitude, name, state_code, county) values ('80011','+39.788286','-104.822765','AURORA','CO','ADAMS');
insert into city (postal_code, latitude, longitude, name, state_code, county) values ('80012','+39.681201','-104.809730','AURORA','CO','ARAPAHOE');
insert into city (postal_code, latitude, longitude, name, state_code, county) values ('80013','+39.660654','-104.762750','AURORA','CO','ARAPAHOE');
insert into city (postal_code, latitude, longitude, name, state_code, county) values ('80014','+39.660437','-104.829330','AURORA','CO','ARAPAHOE');
insert into city (postal_code, latitude, longitude, name, state_code, county) values ('80015','+39.667429','-104.775265','AURORA','CO','ARAPAHOE');
insert into city (postal_code, latitude, longitude, name, state_code, county) values ('80016','+39.601172','-104.739428','AURORA','CO','ARAPAHOE');
insert into city (postal_code, latitude, longitude, name, state_code, county) values ('80017','+39.702142','-104.806670','AURORA','CO','ARAPAHOE');
insert into city (postal_code, latitude, longitude, name, state_code, county) values ('80018','+39.689487','-104.679820','AURORA','CO','ARAPAHOE');
insert into city (postal_code, latitude, longitude, name, state_code, county) values ('80019','+39.781442','-104.685374','AURORA','CO','ADAMS');
insert into city (postal_code, latitude, longitude, name, state_code, county) values ('80020','+40.046064','-105.097151','BROOMFIELD','CO','BOULDER');
insert into city (postal_code, latitude, longitude, name, state_code, county) values ('80021','+39.885388','-105.113890','BROOMFIELD','CO','JEFFERSON');
insert into city (postal_code, latitude, longitude, name, state_code, county) values ('80022','+39.869835','-104.771527','COMMERCE CITY','CO','ADAMS');
insert into city (postal_code, latitude, longitude, name, state_code, county) values ('80024','+39.844501','-104.918783','DUPONT','CO','ADAMS');
insert into city (postal_code, latitude, longitude, name, state_code, county) values ('80025','+39.932420','-105.287967','ELDORADO SPRINGS','CO','BOULDER');
insert into city (postal_code, latitude, longitude, name, state_code, county) values ('80026','+40.026334','-105.104899','LAFAYETTE','CO','BOULDER');
insert into city (postal_code, latitude, longitude, name, state_code, county) values ('80027','+39.980835','-105.269915','LOUISVILLE','CO','BOULDER');
insert into city (postal_code, latitude, longitude, name, state_code, county) values ('80028','+40.087835','-105.373507','LOUISVILLE','CO','BOULDER');
insert into city (postal_code, latitude, longitude, name, state_code, county) values ('80030','+39.872535','-105.034487','WESTMINSTER','CO','ADAMS');
insert into city (postal_code, latitude, longitude, name, state_code, county) values ('80031','+39.875290','-105.034487','WESTMINSTER','CO','ADAMS');
insert into city (postal_code, latitude, longitude, name, state_code, county) values ('80033','+39.776986','-105.108182','WHEAT RIDGE','CO','JEFFERSON');
insert into city (postal_code, latitude, longitude, name, state_code, county) values ('80034','+39.522014','-105.223945','WHEAT RIDGE','CO','JEFFERSON');
insert into city (postal_code, latitude, longitude, name, state_code, county) values ('80035','+39.807970','-104.407918','WESTMINSTER','CO','ADAMS');
insert into city (postal_code, latitude, longitude, name, state_code, county) values ('80036','+39.807970','-104.407918','WESTMINSTER','CO','ADAMS');
insert into city (postal_code, latitude, longitude, name, state_code, county) values ('80037','+39.807970','-104.407918','COMMERCE CITY','CO','ADAMS');
insert into city (postal_code, latitude, longitude, name, state_code, county) values ('80038','+40.087835','-105.373507','BROOMFIELD','CO','BOULDER');
insert into city (postal_code, latitude, longitude, name, state_code, county) values ('80040','+39.807970','-104.407918','AURORA','CO','ADAMS');
insert into city (postal_code, latitude, longitude, name, state_code, county) values ('80041','+39.738752','-104.408349','AURORA','CO','ARAPAHOE');
insert into city (postal_code, latitude, longitude, name, state_code, county) values ('80042','+39.807970','-104.407918','AURORA','CO','ADAMS');
insert into city (postal_code, latitude, longitude, name, state_code, county) values ('80044','+39.738752','-104.408349','AURORA','CO','ARAPAHOE');
insert into city (postal_code, latitude, longitude, name, state_code, county) values ('80045','+39.746736','-104.838361','AURORA','CO','ADAMS');
insert into city (postal_code, latitude, longitude, name, state_code, county) values ('80046','+39.738752','-104.408349','AURORA','CO','ARAPAHOE');
insert into city (postal_code, latitude, longitude, name, state_code, county) values ('80047','+39.738752','-104.408349','AURORA','CO','ARAPAHOE');
insert into city (postal_code, latitude, longitude, name, state_code, county) values ('80101','+39.382335','-104.084781','AGATE','CO','ELBERT');
insert into city (postal_code, latitude, longitude, name, state_code, county) values ('80102','+39.869384','-104.458336','BENNETT','CO','ADAMS');
insert into city (postal_code, latitude, longitude, name, state_code, county) values ('80103','+39.652632','-104.162633','BYERS','CO','ARAPAHOE');
insert into city (postal_code, latitude, longitude, name, state_code, county) values ('80104','+39.374779','-104.849988','CASTLE ROCK','CO','DOUGLAS');
insert into city (postal_code, latitude, longitude, name, state_code, county) values ('80105','+39.659461','-103.948538','DEER TRAIL','CO','ARAPAHOE');
insert into city (postal_code, latitude, longitude, name, state_code, county) values ('80106','+39.208967','-104.505121','ELBERT','CO','ELBERT');
insert into city (postal_code, latitude, longitude, name, state_code, county) values ('80107','+39.382844','-104.495911','ELIZABETH','CO','ELBERT');
insert into city (postal_code, latitude, longitude, name, state_code, county) values ('80110','+39.648958','-104.973852','ENGLEWOOD','CO','ARAPAHOE');
insert into city (postal_code, latitude, longitude, name, state_code, county) values ('80111','+39.666811','-104.864703','ENGLEWOOD','CO','ARAPAHOE');
insert into city (postal_code, latitude, longitude, name, state_code, county) values ('80112','+39.581238','-104.862194','ENGLEWOOD','CO','ARAPAHOE');
insert into city (postal_code, latitude, longitude, name, state_code, county) values ('80116','+39.304030','-104.756722','FRANKTOWN','CO','DOUGLAS');
insert into city (postal_code, latitude, longitude, name, state_code, county) values ('80117','+39.370254','-104.421214','KIOWA','CO','ELBERT');
insert into city (postal_code, latitude, longitude, name, state_code, county) values ('80118','+39.213354','-104.950189','LARKSPUR','CO','DOUGLAS');
insert into city (postal_code, latitude, longitude, name, state_code, county) values ('80120','+39.597937','-105.010182','LITTLETON','CO','ARAPAHOE');
insert into city (postal_code, latitude, longitude, name, state_code, county) values ('80121','+39.612789','-104.887730','LITTLETON','CO','ARAPAHOE');
insert into city (postal_code, latitude, longitude, name, state_code, county) values ('80122','+39.582222','-104.955576','LITTLETON','CO','ARAPAHOE');
insert into city (postal_code, latitude, longitude, name, state_code, county) values ('80123','+39.620596','-105.090085','LITTLETON','CO','JEFFERSON');
insert into city (postal_code, latitude, longitude, name, state_code, county) values ('80124','+39.529639','-104.906562','LITTLETON','CO','DOUGLAS');
insert into city (postal_code, latitude, longitude, name, state_code, county) values ('80125','+39.495327','-105.058970','LITTLETON','CO','DOUGLAS');
insert into city (postal_code, latitude, longitude, name, state_code, county) values ('80126','+39.543720','-104.969143','LITTLETON','CO','DOUGLAS');
insert into city (postal_code, latitude, longitude, name, state_code, county) values ('80127','+39.544307','-105.153074','LITTLETON','CO','JEFFERSON');
insert into city (postal_code, latitude, longitude, name, state_code, county) values ('80128','+39.591827','-105.083196','LITTLETON','CO','JEFFERSON');
insert into city (postal_code, latitude, longitude, name, state_code, county) values ('80129','','','LITTLETON','CO','DOUGLAS');
insert into city (postal_code, latitude, longitude, name, state_code, county) values ('80130','','','LITTLETON','CO','DOUGLAS');
insert into city (postal_code, latitude, longitude, name, state_code, county) values ('80131','+39.347863','-104.994708','LOUVIERS','CO','DOUGLAS');
insert into city (postal_code, latitude, longitude, name, state_code, county) values ('80132','+39.086393','-104.807666','MONUMENT','CO','EL PASO');
insert into city (postal_code, latitude, longitude, name, state_code, county) values ('80133','+39.112138','-104.900328','PALMER LAKE','CO','EL PASO');
insert into city (postal_code, latitude, longitude, name, state_code, county) values ('80134','+39.489472','-104.844731','PARKER','CO','DOUGLAS');
insert into city (postal_code, latitude, longitude, name, state_code, county) values ('80135','+39.311334','-105.067554','SEDALIA','CO','DOUGLAS');
insert into city (postal_code, latitude, longitude, name, state_code, county) values ('80136','+39.865547','-104.291682','STRASBURG','CO','ADAMS');
insert into city (postal_code, latitude, longitude, name, state_code, county) values ('80137','+39.796784','-104.630327','WATKINS','CO','ADAMS');
insert into city (postal_code, latitude, longitude, name, state_code, county) values ('80138','+39.510214','-104.721607','PARKER','CO','DOUGLAS');
insert into city (postal_code, latitude, longitude, name, state_code, county) values ('80150','+39.738752','-104.408349','ENGLEWOOD','CO','ARAPAHOE');
insert into city (postal_code, latitude, longitude, name, state_code, county) values ('80151','+39.738752','-104.408349','ENGLEWOOD','CO','ARAPAHOE');
insert into city (postal_code, latitude, longitude, name, state_code, county) values ('80154','+39.738752','-104.408349','ENGLEWOOD','CO','ARAPAHOE');
insert into city (postal_code, latitude, longitude, name, state_code, county) values ('80155','+39.738752','-104.408349','ENGLEWOOD','CO','ARAPAHOE');
insert into city (postal_code, latitude, longitude, name, state_code, county) values ('80160','+39.738752','-104.408349','LITTLETON','CO','ARAPAHOE');
insert into city (postal_code, latitude, longitude, name, state_code, county) values ('80161','+39.738752','-104.408349','LITTLETON','CO','ARAPAHOE');
insert into city (postal_code, latitude, longitude, name, state_code, county) values ('80162','+39.522014','-105.223945','LITTLETON','CO','JEFFERSON');
insert into city (postal_code, latitude, longitude, name, state_code, county) values ('80163','+39.347863','-104.994708','LITTLETON','CO','DOUGLAS');
insert into city (postal_code, latitude, longitude, name, state_code, county) values ('80165','+39.738752','-104.408349','LITTLETON','CO','ARAPAHOE');
insert into city (postal_code, latitude, longitude, name, state_code, county) values ('80166','+39.738752','-104.408349','LITTLETON','CO','ARAPAHOE');
insert into city (postal_code, latitude, longitude, name, state_code, county) values ('80201','+39.726303','-104.856808','DENVER','CO','DENVER');
insert into city (postal_code, latitude, longitude, name, state_code, county) values ('80202','+39.760189','-104.996553','DENVER','CO','DENVER');
insert into city (postal_code, latitude, longitude, name, state_code, county) values ('80203','+39.729205','-104.970331','DENVER','CO','DENVER');
insert into city (postal_code, latitude, longitude, name, state_code, county) values ('80204','+39.720136','-105.021502','DENVER','CO','DENVER');
insert into city (postal_code, latitude, longitude, name, state_code, county) values ('80205','+39.760137','-104.967585','DENVER','CO','DENVER');
insert into city (postal_code, latitude, longitude, name, state_code, county) values ('80206','+39.730787','-104.953335','DENVER','CO','DENVER');
insert into city (postal_code, latitude, longitude, name, state_code, county) values ('80207','+39.713186','-104.903532','DENVER','CO','DENVER');
insert into city (postal_code, latitude, longitude, name, state_code, county) values ('80208','+39.738752','-104.408349','DENVER','CO','DENVER');
insert into city (postal_code, latitude, longitude, name, state_code, county) values ('80209','+39.707332','-104.964236','DENVER','CO','DENVER');
insert into city (postal_code, latitude, longitude, name, state_code, county) values ('80210','+39.701677','-104.964186','DENVER','CO','DENVER');
insert into city (postal_code, latitude, longitude, name, state_code, county) values ('80211','+39.765291','-105.018387','DENVER','CO','DENVER');
insert into city (postal_code, latitude, longitude, name, state_code, county) values ('80212','+39.768286','-105.049338','DENVER','CO','DENVER');
insert into city (postal_code, latitude, longitude, name, state_code, county) values ('80214','+39.743636','-105.064336','DENVER','CO','JEFFERSON');
insert into city (postal_code, latitude, longitude, name, state_code, county) values ('80215','+39.743486','-105.100854','DENVER','CO','JEFFERSON');
insert into city (postal_code, latitude, longitude, name, state_code, county) values ('80216','+39.777036','-104.942034','DENVER','CO','DENVER');
insert into city (postal_code, latitude, longitude, name, state_code, county) values ('80217','+39.738752','-104.408349','DENVER','CO','DENVER');
insert into city (postal_code, latitude, longitude, name, state_code, county) values ('80218','+39.720236','-104.968759','DENVER','CO','DENVER');
insert into city (postal_code, latitude, longitude, name, state_code, county) values ('80219','+39.695014','-105.034339','DENVER','CO','DENVER');
insert into city (postal_code, latitude, longitude, name, state_code, county) values ('80220','+39.732436','-104.910843','DENVER','CO','DENVER');
insert into city (postal_code, latitude, longitude, name, state_code, county) values ('80221','+39.838028','-104.998788','DENVER','CO','ADAMS');
insert into city (postal_code, latitude, longitude, name, state_code, county) values ('80222','+39.709343','-104.924134','DENVER','CO','DENVER');
insert into city (postal_code, latitude, longitude, name, state_code, county) values ('80223','+39.707186','-105.008762','DENVER','CO','DENVER');
insert into city (postal_code, latitude, longitude, name, state_code, county) values ('80224','+39.702037','-104.911434','DENVER','CO','DENVER');
insert into city (postal_code, latitude, longitude, name, state_code, county) values ('80225','+39.697090','-105.120440','DENVER','CO','JEFFERSON');
insert into city (postal_code, latitude, longitude, name, state_code, county) values ('80226','+39.712337','-105.091784','DENVER','CO','JEFFERSON');
insert into city (postal_code, latitude, longitude, name, state_code, county) values ('80227','+39.667479','-105.067136','DENVER','CO','DENVER');
insert into city (postal_code, latitude, longitude, name, state_code, county) values ('80228','+39.688776','-105.156000','DENVER','CO','JEFFERSON');
insert into city (postal_code, latitude, longitude, name, state_code, county) values ('80229','+39.867098','-104.922688','DENVER','CO','ADAMS');
insert into city (postal_code, latitude, longitude, name, state_code, county) values ('80230','+39.721848','-104.895093','DENVER','CO','DENVER');
insert into city (postal_code, latitude, longitude, name, state_code, county) values ('80231','+39.684930','-104.886785','DENVER','CO','DENVER');
insert into city (postal_code, latitude, longitude, name, state_code, county) values ('80232','+39.689487','-105.090779','DENVER','CO','JEFFERSON');
insert into city (postal_code, latitude, longitude, name, state_code, county) values ('80233','+39.901534','-104.940683','DENVER','CO','ADAMS');
insert into city (postal_code, latitude, longitude, name, state_code, county) values ('80234','+39.910774','-105.010886','DENVER','CO','ADAMS');
insert into city (postal_code, latitude, longitude, name, state_code, county) values ('80235','+39.645837','-105.065003','DENVER','CO','DENVER');
insert into city (postal_code, latitude, longitude, name, state_code, county) values ('80236','+39.649837','-105.034988','DENVER','CO','DENVER');
insert into city (postal_code, latitude, longitude, name, state_code, county) values ('80237','+39.638537','-104.903984','DENVER','CO','DENVER');
insert into city (postal_code, latitude, longitude, name, state_code, county) values ('80238','+39.738752','-104.408349','DENVER','CO','DENVER');
insert into city (postal_code, latitude, longitude, name, state_code, county) values ('80239','+39.804398','-104.813919','DENVER','CO','DENVER');
insert into city (postal_code, latitude, longitude, name, state_code, county) values ('80241','+39.927421','-104.954833','DENVER','CO','ADAMS');
insert into city (postal_code, latitude, longitude, name, state_code, county) values ('80243','+39.738752','-104.408349','DENVER','CO','DENVER');
insert into city (postal_code, latitude, longitude, name, state_code, county) values ('80244','+39.738752','-104.408349','DENVER','CO','DENVER');
insert into city (postal_code, latitude, longitude, name, state_code, county) values ('80246','+39.708637','-104.931234','DENVER','CO','DENVER');
insert into city (postal_code, latitude, longitude, name, state_code, county) values ('80248','+39.738752','-104.408349','DENVER','CO','DENVER');
insert into city (postal_code, latitude, longitude, name, state_code, county) values ('80249','+39.837760','-104.697674','DENVER','CO','DENVER');
insert into city (postal_code, latitude, longitude, name, state_code, county) values ('80250','+39.738752','-104.408349','DENVER','CO','DENVER');
insert into city (postal_code, latitude, longitude, name, state_code, county) values ('80251','+39.738752','-104.408349','DENVER','CO','DENVER');
insert into city (postal_code, latitude, longitude, name, state_code, county) values ('80252','+39.738752','-104.408349','DENVER','CO','DENVER');
insert into city (postal_code, latitude, longitude, name, state_code, county) values ('80254','+39.738752','-104.408349','DENVER','CO','DENVER');
insert into city (postal_code, latitude, longitude, name, state_code, county) values ('80255','+39.738752','-104.408349','DENVER','CO','DENVER');
insert into city (postal_code, latitude, longitude, name, state_code, county) values ('80256','+39.747390','-104.992842','DENVER','CO','DENVER');
insert into city (postal_code, latitude, longitude, name, state_code, county) values ('80257','+39.738752','-104.408349','DENVER','CO','DENVER');
insert into city (postal_code, latitude, longitude, name, state_code, county) values ('80259','+39.746239','-104.991334','DENVER','CO','DENVER');
insert into city (postal_code, latitude, longitude, name, state_code, county) values ('80260','+39.867235','-105.004125','DENVER','CO','ADAMS');
insert into city (postal_code, latitude, longitude, name, state_code, county) values ('80261','+39.737929','-104.985036','DENVER','CO','DENVER');
insert into city (postal_code, latitude, longitude, name, state_code, county) values ('80262','+39.731038','-104.938391','DENVER','CO','DENVER');
insert into city (postal_code, latitude, longitude, name, state_code, county) values ('80263','+39.738752','-104.408349','DENVER','CO','DENVER');
insert into city (postal_code, latitude, longitude, name, state_code, county) values ('80264','+39.742590','-104.986292','DENVER','CO','DENVER');
insert into city (postal_code, latitude, longitude, name, state_code, county) values ('80265','+39.738752','-104.408349','DENVER','CO','DENVER');
insert into city (postal_code, latitude, longitude, name, state_code, county) values ('80266','+39.747179','-104.991511','DENVER','CO','DENVER');
insert into city (postal_code, latitude, longitude, name, state_code, county) values ('80270','+39.738752','-104.408349','DENVER','CO','DENVER');
insert into city (postal_code, latitude, longitude, name, state_code, county) values ('80271','+39.738752','-104.408349','DENVER','CO','DENVER');
insert into city (postal_code, latitude, longitude, name, state_code, county) values ('80273','+39.727293','-104.987535','DENVER','CO','DENVER');
insert into city (postal_code, latitude, longitude, name, state_code, county) values ('80274','+39.743934','-104.987577','DENVER','CO','DENVER');
insert into city (postal_code, latitude, longitude, name, state_code, county) values ('80275','+39.738752','-104.408349','DENVER','CO','DENVER');
insert into city (postal_code, latitude, longitude, name, state_code, county) values ('80279','+39.738752','-104.408349','DENVER','CO','DENVER');
insert into city (postal_code, latitude, longitude, name, state_code, county) values ('80280','+39.716675','-104.906942','DENVER','CO','DENVER');
insert into city (postal_code, latitude, longitude, name, state_code, county) values ('80281','+39.743940','-104.987577','DENVER','CO','DENVER');
insert into city (postal_code, latitude, longitude, name, state_code, county) values ('80285','','','DENVER','CO','DENVER');
insert into city (postal_code, latitude, longitude, name, state_code, county) values ('80290','+39.743608','-104.987556','DENVER','CO','DENVER');
insert into city (postal_code, latitude, longitude, name, state_code, county) values ('80291','+39.743940','-104.987577','DENVER','CO','DENVER');
insert into city (postal_code, latitude, longitude, name, state_code, county) values ('80292','+39.747390','-104.992842','DENVER','CO','DENVER');
insert into city (postal_code, latitude, longitude, name, state_code, county) values ('80293','+39.745786','-104.990686','DENVER','CO','DENVER');
insert into city (postal_code, latitude, longitude, name, state_code, county) values ('80294','+39.749086','-104.989036','DENVER','CO','DENVER');
insert into city (postal_code, latitude, longitude, name, state_code, county) values ('80295','+39.745486','-104.986336','DENVER','CO','DENVER');
insert into city (postal_code, latitude, longitude, name, state_code, county) values ('80299','+39.738752','-104.408349','DENVER','CO','DENVER');
insert into city (postal_code, latitude, longitude, name, state_code, county) values ('80301','+40.094787','-105.278083','BOULDER','CO','BOULDER');
insert into city (postal_code, latitude, longitude, name, state_code, county) values ('80302','+40.063935','-105.390027','BOULDER','CO','BOULDER');
insert into city (postal_code, latitude, longitude, name, state_code, county) values ('80303','+40.067772','-105.274840','BOULDER','CO','BOULDER');
insert into city (postal_code, latitude, longitude, name, state_code, county) values ('80304','+40.114114','-105.369797','BOULDER','CO','BOULDER');
insert into city (postal_code, latitude, longitude, name, state_code, county) values ('80305','','','BOULDER','CO','BOULDER');
insert into city (postal_code, latitude, longitude, name, state_code, county) values ('80306','+40.102219','-105.384694','BOULDER','CO','BOULDER');
insert into city (postal_code, latitude, longitude, name, state_code, county) values ('80307','+40.087835','-105.373507','BOULDER','CO','BOULDER');
insert into city (postal_code, latitude, longitude, name, state_code, county) values ('80308','+40.027672','-105.386800','BOULDER','CO','BOULDER');
insert into city (postal_code, latitude, longitude, name, state_code, county) values ('80309','+40.087835','-105.373507','BOULDER','CO','BOULDER');
insert into city (postal_code, latitude, longitude, name, state_code, county) values ('80310','+40.087835','-105.373507','BOULDER','CO','BOULDER');
insert into city (postal_code, latitude, longitude, name, state_code, county) values ('80314','+40.087835','-105.373507','BOULDER','CO','BOULDER');
insert into city (postal_code, latitude, longitude, name, state_code, county) values ('80321','+40.087835','-105.373507','BOULDER','CO','BOULDER');
insert into city (postal_code, latitude, longitude, name, state_code, county) values ('80322','+40.087835','-105.373507','BOULDER','CO','BOULDER');
insert into city (postal_code, latitude, longitude, name, state_code, county) values ('80323','+40.087835','-105.373507','BOULDER','CO','BOULDER');
insert into city (postal_code, latitude, longitude, name, state_code, county) values ('80328','+40.087835','-105.373507','BOULDER','CO','BOULDER');
insert into city (postal_code, latitude, longitude, name, state_code, county) values ('80329','+40.087835','-105.373507','BOULDER','CO','BOULDER');
insert into city (postal_code, latitude, longitude, name, state_code, county) values ('80401','+39.718539','-105.245659','GOLDEN','CO','JEFFERSON');
insert into city (postal_code, latitude, longitude, name, state_code, county) values ('80402','+39.522014','-105.223945','GOLDEN','CO','JEFFERSON');
insert into city (postal_code, latitude, longitude, name, state_code, county) values ('80403','+39.829821','-105.270395','GOLDEN','CO','JEFFERSON');
insert into city (postal_code, latitude, longitude, name, state_code, county) values ('80419','+39.522014','-105.223945','GOLDEN','CO','JEFFERSON');
insert into city (postal_code, latitude, longitude, name, state_code, county) values ('80420','+39.297972','-106.063548','ALMA','CO','PARK');
insert into city (postal_code, latitude, longitude, name, state_code, county) values ('80421','+39.203721','-105.747242','BAILEY','CO','PARK');
insert into city (postal_code, latitude, longitude, name, state_code, county) values ('80422','+39.815990','-105.475322','BLACK HAWK','CO','GILPIN');
insert into city (postal_code, latitude, longitude, name, state_code, county) values ('80423','+39.860356','-106.631246','BOND','CO','EAGLE');
insert into city (postal_code, latitude, longitude, name, state_code, county) values ('80424','+39.475323','-106.022472','BRECKENRIDGE','CO','SUMMIT');
insert into city (postal_code, latitude, longitude, name, state_code, county) values ('80425','+39.332179','-105.254998','BUFFALO CREEK','CO','JEFFERSON');
insert into city (postal_code, latitude, longitude, name, state_code, county) values ('80426','+39.783610','-106.896452','BURNS','CO','EAGLE');
insert into city (postal_code, latitude, longitude, name, state_code, county) values ('80427','+39.821626','-105.545631','CENTRAL CITY','CO','GILPIN');
insert into city (postal_code, latitude, longitude, name, state_code, county) values ('80428','+40.730717','-106.913996','CLARK','CO','ROUTT');
insert into city (postal_code, latitude, longitude, name, state_code, county) values ('80429','+39.225758','-106.311697','CLIMAX','CO','LAKE');
insert into city (postal_code, latitude, longitude, name, state_code, county) values ('80430','+40.480364','-106.448221','COALMONT','CO','JACKSON');
insert into city (postal_code, latitude, longitude, name, state_code, county) values ('80432','+39.158746','-105.816986','COMO','CO','PARK');
insert into city (postal_code, latitude, longitude, name, state_code, county) values ('80433','+39.473542','-105.284448','CONIFER','CO','JEFFERSON');
insert into city (postal_code, latitude, longitude, name, state_code, county) values ('80434','+40.663052','-106.362488','COWDREY','CO','JACKSON');
insert into city (postal_code, latitude, longitude, name, state_code, county) values ('80435','+39.595212','-105.974117','DILLON','CO','SUMMIT');
insert into city (postal_code, latitude, longitude, name, state_code, county) values ('80436','+39.753150','-105.635592','DUMONT','CO','CLEAR CREEK');
insert into city (postal_code, latitude, longitude, name, state_code, county) values ('80437','+39.522014','-105.223945','EVERGREEN','CO','JEFFERSON');
insert into city (postal_code, latitude, longitude, name, state_code, county) values ('80438','+39.761930','-105.665451','EMPIRE','CO','CLEAR CREEK');
insert into city (postal_code, latitude, longitude, name, state_code, county) values ('80439','+39.629598','-105.326248','EVERGREEN','CO','JEFFERSON');
insert into city (postal_code, latitude, longitude, name, state_code, county) values ('80440','+39.149000','-105.885893','FAIRPLAY','CO','PARK');
insert into city (postal_code, latitude, longitude, name, state_code, county) values ('80442','+39.958523','-105.792637','FRASER','CO','GRAND');
insert into city (postal_code, latitude, longitude, name, state_code, county) values ('80443','+39.558929','-106.133183','FRISCO','CO','SUMMIT');
insert into city (postal_code, latitude, longitude, name, state_code, county) values ('80444','+39.725703','-105.760626','GEORGETOWN','CO','CLEAR CREEK');
insert into city (postal_code, latitude, longitude, name, state_code, county) values ('80446','+40.073869','-105.928533','GRANBY','CO','GRAND');
insert into city (postal_code, latitude, longitude, name, state_code, county) values ('80447','+40.153982','-105.852209','GRAND LAKE','CO','GRAND');
insert into city (postal_code, latitude, longitude, name, state_code, county) values ('80448','+39.461223','-105.658305','GRANT','CO','PARK');
insert into city (postal_code, latitude, longitude, name, state_code, county) values ('80449','+38.967262','-105.878811','HARTSEL','CO','PARK');
insert into city (postal_code, latitude, longitude, name, state_code, county) values ('80451','+40.071207','-106.069256','HOT SULPHUR SPRINGS','CO','GRAND');
insert into city (postal_code, latitude, longitude, name, state_code, county) values ('80452','+39.706574','-105.541583','IDAHO SPRINGS','CO','CLEAR CREEK');
insert into city (postal_code, latitude, longitude, name, state_code, county) values ('80453','+39.668426','-105.244245','IDLEDALE','CO','JEFFERSON');
insert into city (postal_code, latitude, longitude, name, state_code, county) values ('80454','+39.654637','-105.248119','INDIAN HILLS','CO','JEFFERSON');
insert into city (postal_code, latitude, longitude, name, state_code, county) values ('80455','+40.101985','-105.423992','JAMESTOWN','CO','BOULDER');
insert into city (postal_code, latitude, longitude, name, state_code, county) values ('80456','+39.275930','-105.686535','JEFFERSON','CO','PARK');
insert into city (postal_code, latitude, longitude, name, state_code, county) values ('80457','+39.648137','-105.278194','KITTREDGE','CO','JEFFERSON');
insert into city (postal_code, latitude, longitude, name, state_code, county) values ('80459','+40.147681','-106.378296','KREMMLING','CO','GRAND');
insert into city (postal_code, latitude, longitude, name, state_code, county) values ('80461','+39.217530','-106.358330','LEADVILLE','CO','LAKE');
insert into city (postal_code, latitude, longitude, name, state_code, county) values ('80463','+39.827120','-106.772151','MC COY','CO','EAGLE');
insert into city (postal_code, latitude, longitude, name, state_code, county) values ('80465','+39.610289','-105.201967','MORRISON','CO','JEFFERSON');
insert into city (postal_code, latitude, longitude, name, state_code, county) values ('80466','+40.000686','-105.495998','NEDERLAND','CO','BOULDER');
insert into city (postal_code, latitude, longitude, name, state_code, county) values ('80467','+40.323272','-106.944274','OAK CREEK','CO','ROUTT');
insert into city (postal_code, latitude, longitude, name, state_code, county) values ('80468','+39.953932','-106.093005','PARSHALL','CO','GRAND');
insert into city (postal_code, latitude, longitude, name, state_code, county) values ('80469','+40.190711','-106.973513','PHIPPSBURG','CO','ROUTT');
insert into city (postal_code, latitude, longitude, name, state_code, county) values ('80470','+39.356599','-105.313600','PINE','CO','JEFFERSON');
insert into city (postal_code, latitude, longitude, name, state_code, county) values ('80471','+39.947386','-105.459269','PINECLIFFE','CO','BOULDER');
insert into city (postal_code, latitude, longitude, name, state_code, county) values ('80473','+40.466701','-106.185703','RAND','CO','JACKSON');
insert into city (postal_code, latitude, longitude, name, state_code, county) values ('80474','+39.883804','-105.548200','ROLLINSVILLE','CO','GILPIN');
insert into city (postal_code, latitude, longitude, name, state_code, county) values ('80475','+39.439493','-105.602959','SHAWNEE','CO','PARK');
insert into city (postal_code, latitude, longitude, name, state_code, county) values ('80476','+39.699631','-105.750740','SILVER PLUME','CO','CLEAR CREEK');
insert into city (postal_code, latitude, longitude, name, state_code, county) values ('80477','+40.348242','-106.926910','STEAMBOAT SPRINGS','CO','ROUTT');
insert into city (postal_code, latitude, longitude, name, state_code, county) values ('80478','+39.979743','-105.861480','TABERNASH','CO','GRAND');
insert into city (postal_code, latitude, longitude, name, state_code, county) values ('80479','+40.067609','-106.851718','TOPONAS','CO','ROUTT');
insert into city (postal_code, latitude, longitude, name, state_code, county) values ('80480','+40.678825','-106.249045','WALDEN','CO','JACKSON');
insert into city (postal_code, latitude, longitude, name, state_code, county) values ('80481','+40.055785','-105.472634','WARD','CO','BOULDER');
insert into city (postal_code, latitude, longitude, name, state_code, county) values ('80482','+39.949118','-105.816439','WINTER PARK','CO','GRAND');
insert into city (postal_code, latitude, longitude, name, state_code, county) values ('80483','+40.130445','-106.911567','YAMPA','CO','ROUTT');
insert into city (postal_code, latitude, longitude, name, state_code, county) values ('80487','+40.632683','-106.931827','STEAMBOAT SPRINGS','CO','ROUTT');
insert into city (postal_code, latitude, longitude, name, state_code, county) values ('80488','+40.619661','-106.860746','STEAMBOAT SPRINGS','CO','ROUTT');
insert into city (postal_code, latitude, longitude, name, state_code, county) values ('80497','+39.641146','-106.108002','SILVERTHORNE','CO','SUMMIT');
insert into city (postal_code, latitude, longitude, name, state_code, county) values ('80498','+39.764692','-106.221139','SILVERTHORNE','CO','SUMMIT');
insert into city (postal_code, latitude, longitude, name, state_code, county) values ('80501','+40.165634','-105.163300','LONGMONT','CO','BOULDER');
insert into city (postal_code, latitude, longitude, name, state_code, county) values ('80502','+40.087835','-105.373507','LONGMONT','CO','BOULDER');
insert into city (postal_code, latitude, longitude, name, state_code, county) values ('80503','+40.159043','-105.212558','LONGMONT','CO','BOULDER');
insert into city (postal_code, latitude, longitude, name, state_code, county) values ('80504','+40.129416','-104.970816','LONGMONT','CO','WELD');
insert into city (postal_code, latitude, longitude, name, state_code, county) values ('80510','+40.210184','-105.507950','ALLENSPARK','CO','BOULDER');
insert into city (postal_code, latitude, longitude, name, state_code, county) values ('80511','+40.628112','-105.569245','ESTES PARK','CO','LARIMER');
insert into city (postal_code, latitude, longitude, name, state_code, county) values ('80512','+40.610729','-105.525784','BELLVUE','CO','LARIMER');
insert into city (postal_code, latitude, longitude, name, state_code, county) values ('80513','+40.530475','-105.321046','BERTHOUD','CO','LARIMER');
insert into city (postal_code, latitude, longitude, name, state_code, county) values ('80514','+40.204344','-104.911938','DACONO','CO','WELD');
insert into city (postal_code, latitude, longitude, name, state_code, county) values ('80515','+40.427541','-105.383062','DRAKE','CO','LARIMER');
insert into city (postal_code, latitude, longitude, name, state_code, county) values ('80516','+40.062204','-104.923481','ERIE','CO','WELD');
insert into city (postal_code, latitude, longitude, name, state_code, county) values ('80517','+40.370748','-105.323971','ESTES PARK','CO','LARIMER');
insert into city (postal_code, latitude, longitude, name, state_code, county) values ('80520','+40.122477','-104.935838','FIRESTONE','CO','WELD');
insert into city (postal_code, latitude, longitude, name, state_code, county) values ('80521','+40.592270','-105.298344','FORT COLLINS','CO','LARIMER');
insert into city (postal_code, latitude, longitude, name, state_code, county) values ('80522','+40.642907','-105.057005','FORT COLLINS','CO','LARIMER');
insert into city (postal_code, latitude, longitude, name, state_code, county) values ('80523','+40.455530','-105.464832','FORT COLLINS','CO','LARIMER');
insert into city (postal_code, latitude, longitude, name, state_code, county) values ('80524','+40.598890','-105.252751','FORT COLLINS','CO','LARIMER');
insert into city (postal_code, latitude, longitude, name, state_code, county) values ('80525','+40.532277','-105.207073','FORT COLLINS','CO','LARIMER');
insert into city (postal_code, latitude, longitude, name, state_code, county) values ('80526','+40.587553','-105.324268','FORT COLLINS','CO','LARIMER');
insert into city (postal_code, latitude, longitude, name, state_code, county) values ('80527','+40.540565','-105.280009','FORT COLLINS','CO','LARIMER');
insert into city (postal_code, latitude, longitude, name, state_code, county) values ('80528','+40.533726','-105.034077','FORT COLLINS','CO','LARIMER');
insert into city (postal_code, latitude, longitude, name, state_code, county) values ('80530','+40.123557','-104.938057','FREDERICK','CO','WELD');
insert into city (postal_code, latitude, longitude, name, state_code, county) values ('80532','+40.457758','-105.447005','GLEN HAVEN','CO','LARIMER');
insert into city (postal_code, latitude, longitude, name, state_code, county) values ('80533','+40.181515','-105.232695','HYGIENE','CO','BOULDER');
insert into city (postal_code, latitude, longitude, name, state_code, county) values ('80534','+40.320091','-104.867196','JOHNSTOWN','CO','WELD');
insert into city (postal_code, latitude, longitude, name, state_code, county) values ('80535','+40.589014','-105.262822','LAPORTE','CO','LARIMER');
insert into city (postal_code, latitude, longitude, name, state_code, county) values ('80536','+40.693564','-105.441688','LIVERMORE','CO','LARIMER');
insert into city (postal_code, latitude, longitude, name, state_code, county) values ('80537','+40.553704','-105.266415','LOVELAND','CO','LARIMER');
insert into city (postal_code, latitude, longitude, name, state_code, county) values ('80538','+40.551116','-105.183385','LOVELAND','CO','LARIMER');
insert into city (postal_code, latitude, longitude, name, state_code, county) values ('80539','+40.386360','-105.163377','LOVELAND','CO','LARIMER');
insert into city (postal_code, latitude, longitude, name, state_code, county) values ('80540','+40.189788','-105.355280','LYONS','CO','BOULDER');
insert into city (postal_code, latitude, longitude, name, state_code, county) values ('80541','+40.529278','-105.372014','MASONVILLE','CO','LARIMER');
insert into city (postal_code, latitude, longitude, name, state_code, county) values ('80542','+40.327051','-104.893796','MEAD','CO','WELD');
insert into city (postal_code, latitude, longitude, name, state_code, county) values ('80543','+40.387381','-104.841349','MILLIKEN','CO','WELD');
insert into city (postal_code, latitude, longitude, name, state_code, county) values ('80544','+40.177043','-105.275045','NIWOT','CO','BOULDER');
insert into city (postal_code, latitude, longitude, name, state_code, county) values ('80545','+40.610176','-105.638852','RED FEATHER LAKES','CO','LARIMER');
insert into city (postal_code, latitude, longitude, name, state_code, county) values ('80546','+40.524987','-104.850544','SEVERANCE','CO','WELD');
insert into city (postal_code, latitude, longitude, name, state_code, county) values ('80547','+40.708692','-105.017539','TIMNATH','CO','LARIMER');
insert into city (postal_code, latitude, longitude, name, state_code, county) values ('80549','+40.795455','-105.085627','WELLINGTON','CO','LARIMER');
insert into city (postal_code, latitude, longitude, name, state_code, county) values ('80550','+40.307972','-104.942467','WINDSOR','CO','WELD');
insert into city (postal_code, latitude, longitude, name, state_code, county) values ('80551','+40.464092','-104.885116','WINDSOR','CO','WELD');
insert into city (postal_code, latitude, longitude, name, state_code, county) values ('80553','+40.628112','-105.569245','FORT COLLINS','CO','LARIMER');
insert into city (postal_code, latitude, longitude, name, state_code, county) values ('80601','+39.942984','-104.786597','BRIGHTON','CO','ADAMS');
insert into city (postal_code, latitude, longitude, name, state_code, county) values ('80602','','','BRIGHTON','CO','ADAMS');
insert into city (postal_code, latitude, longitude, name, state_code, county) values ('80603','','','BRIGHTON','CO','ADAMS');
insert into city (postal_code, latitude, longitude, name, state_code, county) values ('80610','+40.675794','-104.607073','AULT','CO','WELD');
insert into city (postal_code, latitude, longitude, name, state_code, county) values ('80611','+40.443596','-104.240542','BRIGGSDALE','CO','WELD');
insert into city (postal_code, latitude, longitude, name, state_code, county) values ('80612','+40.597204','-104.869798','CARR','CO','WELD');
insert into city (postal_code, latitude, longitude, name, state_code, county) values ('80614','+39.807970','-104.407918','EASTLAKE','CO','ADAMS');
insert into city (postal_code, latitude, longitude, name, state_code, county) values ('80615','+40.350055','-104.660412','EATON','CO','WELD');
insert into city (postal_code, latitude, longitude, name, state_code, county) values ('80620','+40.263453','-104.791285','EVANS','CO','WELD');
insert into city (postal_code, latitude, longitude, name, state_code, county) values ('80621','+40.363977','-104.650827','FORT LUPTON','CO','WELD');
insert into city (postal_code, latitude, longitude, name, state_code, county) values ('80622','+40.536158','-104.500735','GALETON','CO','WELD');
insert into city (postal_code, latitude, longitude, name, state_code, county) values ('80623','+40.249380','-104.796889','GILCREST','CO','WELD');
insert into city (postal_code, latitude, longitude, name, state_code, county) values ('80624','+40.475572','-104.590607','GILL','CO','WELD');
insert into city (postal_code, latitude, longitude, name, state_code, county) values ('80631','+40.384991','-104.680631','GREELEY','CO','WELD');
insert into city (postal_code, latitude, longitude, name, state_code, county) values ('80632','+40.376626','-104.762899','GREELEY','CO','WELD');
insert into city (postal_code, latitude, longitude, name, state_code, county) values ('80633','+40.500919','-104.314970','GREELEY','CO','WELD');
insert into city (postal_code, latitude, longitude, name, state_code, county) values ('80634','+40.281195','-104.796453','GREELEY','CO','WELD');
insert into city (postal_code, latitude, longitude, name, state_code, county) values ('80638','+40.500919','-104.314970','GREELEY','CO','WELD');
insert into city (postal_code, latitude, longitude, name, state_code, county) values ('80639','+40.399281','-104.701720','GREELEY','CO','WELD');
insert into city (postal_code, latitude, longitude, name, state_code, county) values ('80640','+39.879235','-104.883581','HENDERSON','CO','ADAMS');
insert into city (postal_code, latitude, longitude, name, state_code, county) values ('80642','+40.109353','-104.672306','HUDSON','CO','WELD');
insert into city (postal_code, latitude, longitude, name, state_code, county) values ('80643','+40.085322','-104.506123','KEENESBURG','CO','WELD');
insert into city (postal_code, latitude, longitude, name, state_code, county) values ('80644','+40.474040','-104.472779','KERSEY','CO','WELD');
insert into city (postal_code, latitude, longitude, name, state_code, county) values ('80645','+40.328185','-104.665639','LA SALLE','CO','WELD');
insert into city (postal_code, latitude, longitude, name, state_code, county) values ('80646','+40.482430','-104.705420','LUCERNE','CO','WELD');
insert into city (postal_code, latitude, longitude, name, state_code, county) values ('80648','+40.492804','-104.627586','NUNN','CO','WELD');
insert into city (postal_code, latitude, longitude, name, state_code, county) values ('80649','+40.414728','-104.081667','ORCHARD','CO','MORGAN');
insert into city (postal_code, latitude, longitude, name, state_code, county) values ('80650','+40.646551','-104.744575','PIERCE','CO','WELD');
insert into city (postal_code, latitude, longitude, name, state_code, county) values ('80651','+40.217382','-104.712141','PLATTEVILLE','CO','WELD');
insert into city (postal_code, latitude, longitude, name, state_code, county) values ('80652','+40.087777','-104.281976','ROGGEN','CO','WELD');
insert into city (postal_code, latitude, longitude, name, state_code, county) values ('80653','+40.382218','-103.974159','WELDONA','CO','MORGAN');
insert into city (postal_code, latitude, longitude, name, state_code, county) values ('80654','+40.159839','-104.046791','WIGGINS','CO','MORGAN');
insert into city (postal_code, latitude, longitude, name, state_code, county) values ('80701','+40.262591','-103.847648','FORT MORGAN','CO','MORGAN');
insert into city (postal_code, latitude, longitude, name, state_code, county) values ('80705','+40.270654','-103.833813','LOG LANE VILLAGE','CO','MORGAN');
insert into city (postal_code, latitude, longitude, name, state_code, county) values ('80720','+40.073328','-103.202379','AKRON','CO','WASHINGTON');
insert into city (postal_code, latitude, longitude, name, state_code, county) values ('80721','+40.608363','-102.358200','AMHERST','CO','PHILLIPS');
insert into city (postal_code, latitude, longitude, name, state_code, county) values ('80722','+40.525066','-103.197305','ATWOOD','CO','LOGAN');
insert into city (postal_code, latitude, longitude, name, state_code, county) values ('80723','+40.218547','-103.613248','BRUSH','CO','MORGAN');
insert into city (postal_code, latitude, longitude, name, state_code, county) values ('80726','+40.852300','-103.074727','CROOK','CO','LOGAN');
insert into city (postal_code, latitude, longitude, name, state_code, county) values ('80727','+40.061126','-102.480300','ECKLEY','CO','YUMA');
insert into city (postal_code, latitude, longitude, name, state_code, county) values ('80728','+40.598608','-102.874735','FLEMING','CO','LOGAN');
insert into city (postal_code, latitude, longitude, name, state_code, county) values ('80729','+40.820129','-104.168529','GROVER','CO','WELD');
insert into city (postal_code, latitude, longitude, name, state_code, county) values ('80731','+40.601383','-102.523842','HAXTUN','CO','PHILLIPS');
insert into city (postal_code, latitude, longitude, name, state_code, county) values ('80732','+40.975104','-104.305265','HEREFORD','CO','WELD');
insert into city (postal_code, latitude, longitude, name, state_code, county) values ('80733','+40.345863','-103.505721','HILLROSE','CO','MORGAN');
insert into city (postal_code, latitude, longitude, name, state_code, county) values ('80734','+40.587166','-102.272326','HOLYOKE','CO','PHILLIPS');
insert into city (postal_code, latitude, longitude, name, state_code, county) values ('80735','+39.816703','-102.426235','IDALIA','CO','YUMA');
insert into city (postal_code, latitude, longitude, name, state_code, county) values ('80736','+40.784483','-102.960098','ILIFF','CO','LOGAN');
insert into city (postal_code, latitude, longitude, name, state_code, county) values ('80737','+40.875606','-102.351994','JULESBURG','CO','SEDGWICK');
insert into city (postal_code, latitude, longitude, name, state_code, county) values ('80740','+39.790894','-103.414172','LINDON','CO','WASHINGTON');
insert into city (postal_code, latitude, longitude, name, state_code, county) values ('80741','+40.632075','-103.413883','MERINO','CO','LOGAN');
insert into city (postal_code, latitude, longitude, name, state_code, county) values ('80742','+40.736271','-103.878656','NEW RAYMER','CO','WELD');
insert into city (postal_code, latitude, longitude, name, state_code, county) values ('80743','+40.163025','-103.042516','OTIS','CO','WASHINGTON');
insert into city (postal_code, latitude, longitude, name, state_code, county) values ('80744','+40.875571','-102.358241','OVID','CO','SEDGWICK');
insert into city (postal_code, latitude, longitude, name, state_code, county) values ('80745','+40.884156','-103.372814','PADRONI','CO','LOGAN');
insert into city (postal_code, latitude, longitude, name, state_code, county) values ('80746','+40.610554','-102.472203','PAOLI','CO','PHILLIPS');
insert into city (postal_code, latitude, longitude, name, state_code, county) values ('80747','+40.825442','-103.161820','PEETZ','CO','LOGAN');
insert into city (postal_code, latitude, longitude, name, state_code, county) values ('80749','+40.875703','-102.440230','SEDGWICK','CO','SEDGWICK');
insert into city (postal_code, latitude, longitude, name, state_code, county) values ('80750','+40.415193','-103.610575','SNYDER','CO','MORGAN');
insert into city (postal_code, latitude, longitude, name, state_code, county) values ('80751','+40.715081','-103.211191','STERLING','CO','LOGAN');
insert into city (postal_code, latitude, longitude, name, state_code, county) values ('80754','+40.735758','-103.997391','STONEHAM','CO','WELD');
insert into city (postal_code, latitude, longitude, name, state_code, county) values ('80755','+39.812149','-102.434252','VERNON','CO','YUMA');
insert into city (postal_code, latitude, longitude, name, state_code, county) values ('80757','+39.804985','-103.575210','WOODROW','CO','WASHINGTON');
insert into city (postal_code, latitude, longitude, name, state_code, county) values ('80758','+40.068525','-102.392973','WRAY','CO','YUMA');
insert into city (postal_code, latitude, longitude, name, state_code, county) values ('80759','+40.061817','-102.618522','YUMA','CO','YUMA');
insert into city (postal_code, latitude, longitude, name, state_code, county) values ('80801','+39.690908','-103.137281','ANTON','CO','WASHINGTON');
insert into city (postal_code, latitude, longitude, name, state_code, county) values ('80802','+38.847485','-102.524932','ARAPAHOE','CO','CHEYENNE');
insert into city (postal_code, latitude, longitude, name, state_code, county) values ('80804','+39.316461','-103.323143','ARRIBA','CO','LINCOLN');
insert into city (postal_code, latitude, longitude, name, state_code, county) values ('80805','+39.293345','-102.433217','BETHUNE','CO','KIT CARSON');
insert into city (postal_code, latitude, longitude, name, state_code, county) values ('80807','+39.308966','-102.461287','BURLINGTON','CO','KIT CARSON');
insert into city (postal_code, latitude, longitude, name, state_code, county) values ('80808','+38.940430','-104.282512','CALHAN','CO','EL PASO');
insert into city (postal_code, latitude, longitude, name, state_code, county) values ('80809','+38.945534','-104.994972','CASCADE','CO','EL PASO');
insert into city (postal_code, latitude, longitude, name, state_code, county) values ('80810','+38.827259','-102.411537','CHEYENNE WELLS','CO','CHEYENNE');
insert into city (postal_code, latitude, longitude, name, state_code, county) values ('80812','+39.684772','-102.990380','COPE','CO','WASHINGTON');
insert into city (postal_code, latitude, longitude, name, state_code, county) values ('80813','+38.826084','-105.149874','CRIPPLE CREEK','CO','TELLER');
insert into city (postal_code, latitude, longitude, name, state_code, county) values ('80814','+38.923901','-105.185653','DIVIDE','CO','TELLER');
insert into city (postal_code, latitude, longitude, name, state_code, county) values ('80815','+39.325130','-102.783284','FLAGLER','CO','KIT CARSON');
insert into city (postal_code, latitude, longitude, name, state_code, county) values ('80816','+38.855231','-105.190895','FLORISSANT','CO','TELLER');
insert into city (postal_code, latitude, longitude, name, state_code, county) values ('80817','+38.663856','-104.652221','FOUNTAIN','CO','EL PASO');
insert into city (postal_code, latitude, longitude, name, state_code, county) values ('80818','+39.348432','-103.490650','GENOA','CO','LINCOLN');
insert into city (postal_code, latitude, longitude, name, state_code, county) values ('80819','+38.938930','-105.009444','GREEN MOUNTAIN FALLS','CO','EL PASO');
insert into city (postal_code, latitude, longitude, name, state_code, county) values ('80820','+38.835374','-105.562124','GUFFEY','CO','PARK');
insert into city (postal_code, latitude, longitude, name, state_code, county) values ('80821','+39.022942','-103.457864','HUGO','CO','LINCOLN');
insert into city (postal_code, latitude, longitude, name, state_code, county) values ('80822','+39.959546','-102.500066','JOES','CO','YUMA');
insert into city (postal_code, latitude, longitude, name, state_code, county) values ('80823','+38.806509','-103.474701','KARVAL','CO','LINCOLN');
insert into city (postal_code, latitude, longitude, name, state_code, county) values ('80824','+39.664421','-102.546469','KIRK','CO','YUMA');
insert into city (postal_code, latitude, longitude, name, state_code, county) values ('80825','+38.827174','-102.598136','KIT CARSON','CO','CHEYENNE');
insert into city (postal_code, latitude, longitude, name, state_code, county) values ('80826','+39.041435','-103.604851','LIMON','CO','LINCOLN');
insert into city (postal_code, latitude, longitude, name, state_code, county) values ('80827','+38.980056','-105.514472','LAKE GEORGE','CO','PARK');
insert into city (postal_code, latitude, longitude, name, state_code, county) values ('80828','+39.316540','-103.588908','LIMON','CO','LINCOLN');
insert into city (postal_code, latitude, longitude, name, state_code, county) values ('80829','+38.853366','-104.927452','MANITOU SPRINGS','CO','EL PASO');
insert into city (postal_code, latitude, longitude, name, state_code, county) values ('80830','+39.114381','-103.900144','MATHESON','CO','ELBERT');
insert into city (postal_code, latitude, longitude, name, state_code, county) values ('80831','+38.984206','-104.526328','PEYTON','CO','EL PASO');
insert into city (postal_code, latitude, longitude, name, state_code, county) values ('80832','+39.035064','-104.163326','RAMAH','CO','EL PASO');
insert into city (postal_code, latitude, longitude, name, state_code, county) values ('80833','+38.818756','-104.117904','RUSH','CO','EL PASO');
insert into city (postal_code, latitude, longitude, name, state_code, county) values ('80834','+39.322355','-102.881192','SEIBERT','CO','KIT CARSON');
insert into city (postal_code, latitude, longitude, name, state_code, county) values ('80835','+39.208696','-104.070186','SIMLA','CO','ELBERT');
insert into city (postal_code, latitude, longitude, name, state_code, county) values ('80836','+39.304913','-102.673010','STRATTON','CO','KIT CARSON');
insert into city (postal_code, latitude, longitude, name, state_code, county) values ('80840','+38.979235','-104.860561','U S A F ACADEMY','CO','EL PASO');
insert into city (postal_code, latitude, longitude, name, state_code, county) values ('80841','+38.824690','-104.562027','U S A F ACADEMY','CO','EL PASO');
insert into city (postal_code, latitude, longitude, name, state_code, county) values ('80860','+38.731005','-105.132073','VICTOR','CO','TELLER');
insert into city (postal_code, latitude, longitude, name, state_code, county) values ('80861','+39.311151','-102.742290','VONA','CO','KIT CARSON');
insert into city (postal_code, latitude, longitude, name, state_code, county) values ('80862','+38.804111','-103.079761','WILD HORSE','CO','CHEYENNE');
insert into city (postal_code, latitude, longitude, name, state_code, county) values ('80863','+38.918437','-105.166398','WOODLAND PARK','CO','TELLER');
insert into city (postal_code, latitude, longitude, name, state_code, county) values ('80864','+38.738943','-104.193088','YODER','CO','EL PASO');
insert into city (postal_code, latitude, longitude, name, state_code, county) values ('80866','+39.036350','-105.155970','WOODLAND PARK','CO','TELLER');
insert into city (postal_code, latitude, longitude, name, state_code, county) values ('80901','+38.861469','-104.857828','COLORADO SPRINGS','CO','EL PASO');
insert into city (postal_code, latitude, longitude, name, state_code, county) values ('80903','+38.828893','-104.809929','COLORADO SPRINGS','CO','EL PASO');
insert into city (postal_code, latitude, longitude, name, state_code, county) values ('80904','+38.861981','-104.874531','COLORADO SPRINGS','CO','EL PASO');
insert into city (postal_code, latitude, longitude, name, state_code, county) values ('80905','+38.844319','-104.801472','COLORADO SPRINGS','CO','EL PASO');
insert into city (postal_code, latitude, longitude, name, state_code, county) values ('80906','+38.796074','-104.841763','COLORADO SPRINGS','CO','EL PASO');
insert into city (postal_code, latitude, longitude, name, state_code, county) values ('80907','+38.943076','-104.814440','COLORADO SPRINGS','CO','EL PASO');
insert into city (postal_code, latitude, longitude, name, state_code, county) values ('80908','+39.020647','-104.705498','COLORADO SPRINGS','CO','EL PASO');
insert into city (postal_code, latitude, longitude, name, state_code, county) values ('80909','+38.838268','-104.850230','COLORADO SPRINGS','CO','EL PASO');
insert into city (postal_code, latitude, longitude, name, state_code, county) values ('80910','+38.804094','-104.772059','COLORADO SPRINGS','CO','EL PASO');
insert into city (postal_code, latitude, longitude, name, state_code, county) values ('80911','+38.922849','-104.789157','COLORADO SPRINGS','CO','EL PASO');
insert into city (postal_code, latitude, longitude, name, state_code, county) values ('80912','+38.824690','-104.562027','COLORADO SPRINGS','CO','EL PASO');
insert into city (postal_code, latitude, longitude, name, state_code, county) values ('80913','+38.729969','-104.753607','COLORADO SPRINGS','CO','EL PASO');
insert into city (postal_code, latitude, longitude, name, state_code, county) values ('80914','+38.819195','-104.701177','COLORADO SPRINGS','CO','EL PASO');
insert into city (postal_code, latitude, longitude, name, state_code, county) values ('80915','+38.874436','-104.751515','COLORADO SPRINGS','CO','EL PASO');
insert into city (postal_code, latitude, longitude, name, state_code, county) values ('80916','+38.810330','-104.718555','COLORADO SPRINGS','CO','EL PASO');
insert into city (postal_code, latitude, longitude, name, state_code, county) values ('80917','+38.825130','-104.746689','COLORADO SPRINGS','CO','EL PASO');
insert into city (postal_code, latitude, longitude, name, state_code, county) values ('80918','+38.903190','-104.807998','COLORADO SPRINGS','CO','EL PASO');
insert into city (postal_code, latitude, longitude, name, state_code, county) values ('80919','+38.938149','-104.917436','COLORADO SPRINGS','CO','EL PASO');
insert into city (postal_code, latitude, longitude, name, state_code, county) values ('80920','+38.965298','-104.755956','COLORADO SPRINGS','CO','EL PASO');
insert into city (postal_code, latitude, longitude, name, state_code, county) values ('80921','+39.055054','-104.891220','COLORADO SPRINGS','CO','EL PASO');
insert into city (postal_code, latitude, longitude, name, state_code, county) values ('80922','+38.904817','-104.701240','COLORADO SPRINGS','CO','EL PASO');
insert into city (postal_code, latitude, longitude, name, state_code, county) values ('80925','+38.737774','-104.645854','COLORADO SPRINGS','CO','EL PASO');
insert into city (postal_code, latitude, longitude, name, state_code, county) values ('80926','+38.644087','-104.880825','COLORADO SPRINGS','CO','EL PASO');
insert into city (postal_code, latitude, longitude, name, state_code, county) values ('80928','+38.645078','-104.395746','COLORADO SPRINGS','CO','EL PASO');
insert into city (postal_code, latitude, longitude, name, state_code, county) values ('80929','+38.846355','-104.624727','COLORADO SPRINGS','CO','EL PASO');
insert into city (postal_code, latitude, longitude, name, state_code, county) values ('80930','+38.824202','-104.493259','COLORADO SPRINGS','CO','EL PASO');
insert into city (postal_code, latitude, longitude, name, state_code, county) values ('80931','+38.953003','-104.609230','COLORADO SPRINGS','CO','EL PASO');
insert into city (postal_code, latitude, longitude, name, state_code, county) values ('80932','+38.824690','-104.562027','COLORADO SPRINGS','CO','EL PASO');
insert into city (postal_code, latitude, longitude, name, state_code, county) values ('80933','+38.939371','-105.011786','COLORADO SPRINGS','CO','EL PASO');
insert into city (postal_code, latitude, longitude, name, state_code, county) values ('80934','+38.824690','-104.562027','COLORADO SPRINGS','CO','EL PASO');
insert into city (postal_code, latitude, longitude, name, state_code, county) values ('80935','+38.824690','-104.562027','COLORADO SPRINGS','CO','EL PASO');
insert into city (postal_code, latitude, longitude, name, state_code, county) values ('80936','+38.824690','-104.562027','COLORADO SPRINGS','CO','EL PASO');
insert into city (postal_code, latitude, longitude, name, state_code, county) values ('80937','+38.824690','-104.562027','COLORADO SPRINGS','CO','EL PASO');
insert into city (postal_code, latitude, longitude, name, state_code, county) values ('80940','+38.824690','-104.562027','COLORADO SPRINGS','CO','EL PASO');
insert into city (postal_code, latitude, longitude, name, state_code, county) values ('80941','+38.824690','-104.562027','COLORADO SPRINGS','CO','EL PASO');
insert into city (postal_code, latitude, longitude, name, state_code, county) values ('80942','+38.824690','-104.562027','COLORADO SPRINGS','CO','EL PASO');
insert into city (postal_code, latitude, longitude, name, state_code, county) values ('80943','+38.824690','-104.562027','COLORADO SPRINGS','CO','EL PASO');
insert into city (postal_code, latitude, longitude, name, state_code, county) values ('80944','+38.824690','-104.562027','COLORADO SPRINGS','CO','EL PASO');
insert into city (postal_code, latitude, longitude, name, state_code, county) values ('80945','+38.824690','-104.562027','COLORADO SPRINGS','CO','EL PASO');
insert into city (postal_code, latitude, longitude, name, state_code, county) values ('80946','+38.824690','-104.562027','COLORADO SPRINGS','CO','EL PASO');
insert into city (postal_code, latitude, longitude, name, state_code, county) values ('80947','+38.824690','-104.562027','COLORADO SPRINGS','CO','EL PASO');
insert into city (postal_code, latitude, longitude, name, state_code, county) values ('80949','+38.824690','-104.562027','COLORADO SPRINGS','CO','EL PASO');
insert into city (postal_code, latitude, longitude, name, state_code, county) values ('80950','+38.824690','-104.562027','COLORADO SPRINGS','CO','EL PASO');
insert into city (postal_code, latitude, longitude, name, state_code, county) values ('80960','+38.824690','-104.562027','COLORADO SPRINGS','CO','EL PASO');
insert into city (postal_code, latitude, longitude, name, state_code, county) values ('80962','+38.824690','-104.562027','COLORADO SPRINGS','CO','EL PASO');
insert into city (postal_code, latitude, longitude, name, state_code, county) values ('80970','+38.824690','-104.562027','COLORADO SPRINGS','CO','EL PASO');
insert into city (postal_code, latitude, longitude, name, state_code, county) values ('80977','+38.824690','-104.562027','COLORADO SPRINGS','CO','EL PASO');
insert into city (postal_code, latitude, longitude, name, state_code, county) values ('80995','+38.824690','-104.562027','COLORADO SPRINGS','CO','EL PASO');
insert into city (postal_code, latitude, longitude, name, state_code, county) values ('80997','+38.824690','-104.562027','COLORADO SPRINGS','CO','EL PASO');
insert into city (postal_code, latitude, longitude, name, state_code, county) values ('81001','+38.344117','-104.427776','PUEBLO','CO','PUEBLO');
insert into city (postal_code, latitude, longitude, name, state_code, county) values ('81002','+38.128626','-104.552299','PUEBLO','CO','PUEBLO');
insert into city (postal_code, latitude, longitude, name, state_code, county) values ('81003','+38.121031','-104.763851','PUEBLO','CO','PUEBLO');
insert into city (postal_code, latitude, longitude, name, state_code, county) values ('81004','+38.087325','-104.822451','PUEBLO','CO','PUEBLO');
insert into city (postal_code, latitude, longitude, name, state_code, county) values ('81005','+38.152191','-104.841328','PUEBLO','CO','PUEBLO');
insert into city (postal_code, latitude, longitude, name, state_code, county) values ('81006','+38.113259','-104.521270','PUEBLO','CO','PUEBLO');
insert into city (postal_code, latitude, longitude, name, state_code, county) values ('81007','+38.387004','-104.779156','PUEBLO','CO','PUEBLO');
insert into city (postal_code, latitude, longitude, name, state_code, county) values ('81008','+38.402934','-104.644423','PUEBLO','CO','PUEBLO');
insert into city (postal_code, latitude, longitude, name, state_code, county) values ('81009','+38.128626','-104.552299','PUEBLO','CO','PUEBLO');
insert into city (postal_code, latitude, longitude, name, state_code, county) values ('81010','+38.128626','-104.552299','PUEBLO','CO','PUEBLO');
insert into city (postal_code, latitude, longitude, name, state_code, county) values ('81011','+38.128626','-104.552299','PUEBLO','CO','PUEBLO');
insert into city (postal_code, latitude, longitude, name, state_code, county) values ('81012','+38.128626','-104.552299','PUEBLO','CO','PUEBLO');
insert into city (postal_code, latitude, longitude, name, state_code, county) values ('81013','+38.128626','-104.552299','PUEBLO','CO','PUEBLO');
insert into city (postal_code, latitude, longitude, name, state_code, county) values ('81014','+38.128626','-104.552299','PUEBLO','CO','PUEBLO');
insert into city (postal_code, latitude, longitude, name, state_code, county) values ('81015','+38.128626','-104.552299','PUEBLO','CO','PUEBLO');
insert into city (postal_code, latitude, longitude, name, state_code, county) values ('81019','+37.887346','-104.613617','COLORADO CITY','CO','PUEBLO');
insert into city (postal_code, latitude, longitude, name, state_code, county) values ('81020','+37.381577','-104.653809','AGUILAR','CO','LAS ANIMAS');
insert into city (postal_code, latitude, longitude, name, state_code, county) values ('81021','+38.430393','-103.366655','ARLINGTON','CO','KIOWA');
insert into city (postal_code, latitude, longitude, name, state_code, county) values ('81022','+38.102502','-104.529794','AVONDALE','CO','PUEBLO');
insert into city (postal_code, latitude, longitude, name, state_code, county) values ('81023','+38.127363','-104.635770','BEULAH','CO','PUEBLO');
insert into city (postal_code, latitude, longitude, name, state_code, county) values ('81024','+37.208109','-104.719787','BONCARBO','CO','LAS ANIMAS');
insert into city (postal_code, latitude, longitude, name, state_code, county) values ('81025','+38.319575','-104.209119','BOONE','CO','PUEBLO');
insert into city (postal_code, latitude, longitude, name, state_code, county) values ('81027','+37.232444','-103.722865','BRANSON','CO','LAS ANIMAS');
insert into city (postal_code, latitude, longitude, name, state_code, county) values ('81029','+37.184434','-102.473938','CAMPO','CO','BACA');
insert into city (postal_code, latitude, longitude, name, state_code, county) values ('81030','+38.102941','-103.536700','CHERAW','CO','OTERO');
insert into city (postal_code, latitude, longitude, name, state_code, county) values ('81033','+38.229447','-103.804241','CROWLEY','CO','CROWLEY');
insert into city (postal_code, latitude, longitude, name, state_code, county) values ('81034','+38.317851','-103.779959','CROWLEY','CO','CROWLEY');
insert into city (postal_code, latitude, longitude, name, state_code, county) values ('81036','+38.440752','-102.554901','EADS','CO','KIOWA');
insert into city (postal_code, latitude, longitude, name, state_code, county) values ('81038','+37.955547','-103.072469','FORT LYON','CO','BENT');
insert into city (postal_code, latitude, longitude, name, state_code, county) values ('81039','+37.981460','-103.967799','FOWLER','CO','OTERO');
insert into city (postal_code, latitude, longitude, name, state_code, county) values ('81040','+37.787772','-105.184870','GARDNER','CO','HUERFANO');
insert into city (postal_code, latitude, longitude, name, state_code, county) values ('81041','+37.870309','-102.367626','GRANADA','CO','PROWERS');
insert into city (postal_code, latitude, longitude, name, state_code, county) values ('81042','+37.315263','-104.734610','GULNARE','CO','LAS ANIMAS');
insert into city (postal_code, latitude, longitude, name, state_code, county) values ('81043','+38.119522','-102.216833','HARTMAN','CO','PROWERS');
insert into city (postal_code, latitude, longitude, name, state_code, county) values ('81044','+37.959036','-103.015041','HASTY','CO','BENT');
insert into city (postal_code, latitude, longitude, name, state_code, county) values ('81045','+38.440077','-103.130677','HASWELL','CO','KIOWA');
insert into city (postal_code, latitude, longitude, name, state_code, county) values ('81046','+37.279584','-104.358375','HOEHNE','CO','LAS ANIMAS');
insert into city (postal_code, latitude, longitude, name, state_code, county) values ('81047','+37.956511','-102.335202','HOLLY','CO','PROWERS');
insert into city (postal_code, latitude, longitude, name, state_code, county) values ('81049','+37.332760','-103.373586','KIM','CO','LAS ANIMAS');
insert into city (postal_code, latitude, longitude, name, state_code, county) values ('81050','+37.954619','-103.664437','LA JUNTA','CO','OTERO');
insert into city (postal_code, latitude, longitude, name, state_code, county) values ('81052','+37.955488','-102.436416','LAMAR','CO','PROWERS');
insert into city (postal_code, latitude, longitude, name, state_code, county) values ('81054','+37.923031','-103.088444','LAS ANIMAS','CO','BENT');
insert into city (postal_code, latitude, longitude, name, state_code, county) values ('81055','+37.511672','-105.057545','LA VETA','CO','HUERFANO');
insert into city (postal_code, latitude, longitude, name, state_code, county) values ('81057','+38.085032','-102.886910','MC CLAVE','CO','BENT');
insert into city (postal_code, latitude, longitude, name, state_code, county) values ('81058','+38.082793','-103.885189','MANZANOLA','CO','OTERO');
insert into city (postal_code, latitude, longitude, name, state_code, county) values ('81059','+37.519198','-104.223007','MODEL','CO','LAS ANIMAS');
insert into city (postal_code, latitude, longitude, name, state_code, county) values ('81062','+38.327723','-103.953208','OLNEY SPRINGS','CO','CROWLEY');
insert into city (postal_code, latitude, longitude, name, state_code, county) values ('81063','+38.317486','-103.780036','ORDWAY','CO','CROWLEY');
insert into city (postal_code, latitude, longitude, name, state_code, county) values ('81064','+37.272262','-102.914489','PRITCHETT','CO','BACA');
insert into city (postal_code, latitude, longitude, name, state_code, county) values ('81066','+37.712093','-105.344931','WALSENBURG','CO','HUERFANO');
insert into city (postal_code, latitude, longitude, name, state_code, county) values ('81067','+37.995867','-103.708332','ROCKY FORD','CO','OTERO');
insert into city (postal_code, latitude, longitude, name, state_code, county) values ('81069','+37.936061','-104.874843','RYE','CO','PUEBLO');
insert into city (postal_code, latitude, longitude, name, state_code, county) values ('81071','+38.441431','-102.604797','SHERIDAN LAKE','CO','KIOWA');
insert into city (postal_code, latitude, longitude, name, state_code, county) values ('81073','+37.371522','-102.677359','SPRINGFIELD','CO','BACA');
insert into city (postal_code, latitude, longitude, name, state_code, county) values ('81074','+37.121029','-104.523155','STARKVILLE','CO','LAS ANIMAS');
insert into city (postal_code, latitude, longitude, name, state_code, county) values ('81076','+38.315371','-103.599555','SUGAR CITY','CO','CROWLEY');
insert into city (postal_code, latitude, longitude, name, state_code, county) values ('81077','+38.054962','-103.619493','SWINK','CO','OTERO');
insert into city (postal_code, latitude, longitude, name, state_code, county) values ('81081','+37.099900','-104.132767','TRINCHERA','CO','LAS ANIMAS');
insert into city (postal_code, latitude, longitude, name, state_code, county) values ('81082','+37.269059','-104.503800','TRINIDAD','CO','LAS ANIMAS');
insert into city (postal_code, latitude, longitude, name, state_code, county) values ('81084','+37.521432','-102.433241','TWO BUTTES','CO','BACA');
insert into city (postal_code, latitude, longitude, name, state_code, county) values ('81087','+37.339950','-102.491522','VILAS','CO','BACA');
insert into city (postal_code, latitude, longitude, name, state_code, county) values ('81089','+37.646467','-104.779815','WALSENBURG','CO','HUERFANO');
insert into city (postal_code, latitude, longitude, name, state_code, county) values ('81090','+37.368042','-102.265146','WALSH','CO','BACA');
insert into city (postal_code, latitude, longitude, name, state_code, county) values ('81091','+37.190046','-104.795074','WESTON','CO','LAS ANIMAS');
insert into city (postal_code, latitude, longitude, name, state_code, county) values ('81092','+38.189902','-102.705397','WILEY','CO','PROWERS');
insert into city (postal_code, latitude, longitude, name, state_code, county) values ('81101','+37.479933','-105.790967','ALAMOSA','CO','ALAMOSA');
insert into city (postal_code, latitude, longitude, name, state_code, county) values ('81102','+37.476026','-105.881779','ALAMOSA','CO','ALAMOSA');
insert into city (postal_code, latitude, longitude, name, state_code, county) values ('81120','+37.135059','-106.190367','ANTONITO','CO','CONEJOS');
insert into city (postal_code, latitude, longitude, name, state_code, county) values ('81121','+37.109225','-107.311830','ARBOLES','CO','ARCHULETA');
insert into city (postal_code, latitude, longitude, name, state_code, county) values ('81122','+37.292065','-107.736318','BAYFIELD','CO','LA PLATA');
insert into city (postal_code, latitude, longitude, name, state_code, county) values ('81123','+37.435812','-105.573480','BLANCA','CO','COSTILLA');
insert into city (postal_code, latitude, longitude, name, state_code, county) values ('81124','+37.304205','-106.127935','CAPULIN','CO','CONEJOS');
insert into city (postal_code, latitude, longitude, name, state_code, county) values ('81125','+37.869875','-106.046711','CENTER','CO','SAGUACHE');
insert into city (postal_code, latitude, longitude, name, state_code, county) values ('81126','+37.326735','-105.450502','CHAMA','CO','COSTILLA');
insert into city (postal_code, latitude, longitude, name, state_code, county) values ('81127','+37.250704','-107.321138','CHIMNEY ROCK','CO','ARCHULETA');
insert into city (postal_code, latitude, longitude, name, state_code, county) values ('81128','+37.130148','-106.821686','CHROMO','CO','ARCHULETA');
insert into city (postal_code, latitude, longitude, name, state_code, county) values ('81129','+37.101134','-106.026480','CONEJOS','CO','CONEJOS');
insert into city (postal_code, latitude, longitude, name, state_code, county) values ('81130','+37.761293','-106.981852','CREEDE','CO','MINERAL');
insert into city (postal_code, latitude, longitude, name, state_code, county) values ('81131','+37.953038','-105.687880','CRESTONE','CO','SAGUACHE');
insert into city (postal_code, latitude, longitude, name, state_code, county) values ('81132','+37.644684','-106.407311','DEL NORTE','CO','RIO GRANDE');
insert into city (postal_code, latitude, longitude, name, state_code, county) values ('81133','+37.403455','-105.415437','FORT GARLAND','CO','COSTILLA');
insert into city (postal_code, latitude, longitude, name, state_code, county) values ('81134','+37.092195','-105.530023','GARCIA','CO','COSTILLA');
insert into city (postal_code, latitude, longitude, name, state_code, county) values ('81135','+37.615741','-106.375292','HOMELAKE','CO','RIO GRANDE');
insert into city (postal_code, latitude, longitude, name, state_code, county) values ('81136','+37.699184','-105.873616','HOOPER','CO','ALAMOSA');
insert into city (postal_code, latitude, longitude, name, state_code, county) values ('81137','+37.114844','-107.659745','IGNACIO','CO','LA PLATA');
insert into city (postal_code, latitude, longitude, name, state_code, county) values ('81138','+37.197731','-105.429395','JAROSO','CO','COSTILLA');
insert into city (postal_code, latitude, longitude, name, state_code, county) values ('81140','+37.276566','-106.007989','LA JARA','CO','CONEJOS');
insert into city (postal_code, latitude, longitude, name, state_code, county) values ('81141','+37.175463','-105.927841','MANASSA','CO','CONEJOS');
insert into city (postal_code, latitude, longitude, name, state_code, county) values ('81143','+38.065284','-105.817955','MOFFAT','CO','SAGUACHE');
insert into city (postal_code, latitude, longitude, name, state_code, county) values ('81144','+37.570515','-106.345624','MONTE VISTA','CO','RIO GRANDE');
insert into city (postal_code, latitude, longitude, name, state_code, county) values ('81146','+37.631025','-105.773133','MOSCA','CO','ALAMOSA');
insert into city (postal_code, latitude, longitude, name, state_code, county) values ('81147','+37.202251','-107.126190','PAGOSA SPRINGS','CO','ARCHULETA');
insert into city (postal_code, latitude, longitude, name, state_code, county) values ('81148','+37.172101','-105.985811','ROMEO','CO','CONEJOS');
insert into city (postal_code, latitude, longitude, name, state_code, county) values ('81149','+38.181206','-106.351826','SAGUACHE','CO','SAGUACHE');
insert into city (postal_code, latitude, longitude, name, state_code, county) values ('81151','+37.255221','-105.848097','SANFORD','CO','CONEJOS');
insert into city (postal_code, latitude, longitude, name, state_code, county) values ('81152','+37.106599','-105.478130','SAN LUIS','CO','COSTILLA');
insert into city (postal_code, latitude, longitude, name, state_code, county) values ('81153','+37.202995','-105.418718','SAN PABLO','CO','COSTILLA');
insert into city (postal_code, latitude, longitude, name, state_code, county) values ('81154','+37.638307','-106.597775','SOUTH FORK','CO','RIO GRANDE');
insert into city (postal_code, latitude, longitude, name, state_code, county) values ('81155','+38.306022','-106.046577','VILLA GROVE','CO','SAGUACHE');
insert into city (postal_code, latitude, longitude, name, state_code, county) values ('81157','+37.270438','-107.093153','PAGOSA SPRINGS','CO','ARCHULETA');
insert into city (postal_code, latitude, longitude, name, state_code, county) values ('81201','+38.629119','-106.120582','SALIDA','CO','CHAFFEE');
insert into city (postal_code, latitude, longitude, name, state_code, county) values ('81210','+38.820006','-106.660278','ALMONT','CO','GUNNISON');
insert into city (postal_code, latitude, longitude, name, state_code, county) values ('81211','+38.885032','-106.179938','BUENA VISTA','CO','CHAFFEE');
insert into city (postal_code, latitude, longitude, name, state_code, county) values ('81212','+38.477727','-105.507603','CANON CITY','CO','FREMONT');
insert into city (postal_code, latitude, longitude, name, state_code, county) values ('81215','+38.477563','-105.476577','CANON CITY','CO','FREMONT');
insert into city (postal_code, latitude, longitude, name, state_code, county) values ('81220','+38.416326','-107.529303','CIMARRON','CO','MONTROSE');
insert into city (postal_code, latitude, longitude, name, state_code, county) values ('81221','+38.338919','-105.159722','COAL CREEK','CO','FREMONT');
insert into city (postal_code, latitude, longitude, name, state_code, county) values ('81222','+38.382377','-105.784315','COALDALE','CO','FREMONT');
insert into city (postal_code, latitude, longitude, name, state_code, county) values ('81223','+38.439983','-105.496490','COTOPAXI','CO','FREMONT');
insert into city (postal_code, latitude, longitude, name, state_code, county) values ('81224','+38.880713','-106.948680','CRESTED BUTTE','CO','GUNNISON');
insert into city (postal_code, latitude, longitude, name, state_code, county) values ('81225','+38.900560','-106.963148','CRESTED BUTTE','CO','GUNNISON');
insert into city (postal_code, latitude, longitude, name, state_code, county) values ('81226','+38.355202','-105.254782','FLORENCE','CO','FREMONT');
insert into city (postal_code, latitude, longitude, name, state_code, county) values ('81227','+38.545757','-106.243422','MONARCH','CO','CHAFFEE');
insert into city (postal_code, latitude, longitude, name, state_code, county) values ('81228','+39.030747','-106.256615','GRANITE','CO','CHAFFEE');
insert into city (postal_code, latitude, longitude, name, state_code, county) values ('81230','+38.528323','-107.037294','GUNNISON','CO','GUNNISON');
insert into city (postal_code, latitude, longitude, name, state_code, county) values ('81231','+38.702309','-106.940201','GUNNISON','CO','GUNNISON');
insert into city (postal_code, latitude, longitude, name, state_code, county) values ('81232','+38.285533','-105.642451','HILLSIDE','CO','FREMONT');
insert into city (postal_code, latitude, longitude, name, state_code, county) values ('81233','+38.410012','-105.769848','HOWARD','CO','FREMONT');
insert into city (postal_code, latitude, longitude, name, state_code, county) values ('81235','+38.026256','-107.276581','LAKE CITY','CO','HINSDALE');
insert into city (postal_code, latitude, longitude, name, state_code, county) values ('81236','+38.747896','-106.251196','NATHROP','CO','CHAFFEE');
insert into city (postal_code, latitude, longitude, name, state_code, county) values ('81237','+38.590788','-106.602838','OHIO CITY','CO','GUNNISON');
insert into city (postal_code, latitude, longitude, name, state_code, county) values ('81239','+38.537083','-106.635214','PARLIN','CO','GUNNISON');
insert into city (postal_code, latitude, longitude, name, state_code, county) values ('81240','+38.414125','-105.047277','PENROSE','CO','FREMONT');
insert into city (postal_code, latitude, longitude, name, state_code, county) values ('81241','+38.589072','-106.570985','PITKIN','CO','GUNNISON');
insert into city (postal_code, latitude, longitude, name, state_code, county) values ('81242','+38.471892','-106.097284','PONCHA SPRINGS','CO','CHAFFEE');
insert into city (postal_code, latitude, longitude, name, state_code, county) values ('81243','+38.270602','-107.302888','POWDERHORN','CO','GUNNISON');
insert into city (postal_code, latitude, longitude, name, state_code, county) values ('81244','+38.336184','-105.221140','ROCKVALE','CO','FREMONT');
insert into city (postal_code, latitude, longitude, name, state_code, county) values ('81246','+38.477563','-105.476577','CANON CITY','CO','FREMONT');
insert into city (postal_code, latitude, longitude, name, state_code, county) values ('81247','+38.457513','-107.292081','GUNNISON','CO','GUNNISON');
insert into city (postal_code, latitude, longitude, name, state_code, county) values ('81248','+38.403295','-106.416083','SARGENTS','CO','SAGUACHE');
insert into city (postal_code, latitude, longitude, name, state_code, county) values ('81251','+39.151466','-106.422616','TWIN LAKES','CO','LAKE');
insert into city (postal_code, latitude, longitude, name, state_code, county) values ('81252','+38.095173','-105.421953','WESTCLIFFE','CO','CUSTER');
insert into city (postal_code, latitude, longitude, name, state_code, county) values ('81253','+38.121657','-105.147660','WETMORE','CO','CUSTER');
insert into city (postal_code, latitude, longitude, name, state_code, county) values ('81290','+38.358421','-105.106881','FLORENCE','CO','FREMONT');
insert into city (postal_code, latitude, longitude, name, state_code, county) values ('81301','+37.318364','-107.880367','DURANGO','CO','LA PLATA');
insert into city (postal_code, latitude, longitude, name, state_code, county) values ('81302','+37.357249','-107.935945','DURANGO','CO','LA PLATA');
insert into city (postal_code, latitude, longitude, name, state_code, county) values ('81303','','','DURANGO','CO','LA PLATA');
insert into city (postal_code, latitude, longitude, name, state_code, county) values ('81320','+37.718233','-108.791671','CAHONE','CO','DOLORES');
insert into city (postal_code, latitude, longitude, name, state_code, county) values ('81321','+37.373594','-108.662826','CORTEZ','CO','MONTEZUMA');
insert into city (postal_code, latitude, longitude, name, state_code, county) values ('81323','+37.469333','-108.352450','DOLORES','CO','MONTEZUMA');
insert into city (postal_code, latitude, longitude, name, state_code, county) values ('81324','+37.711532','-108.924334','DOVE CREEK','CO','DOLORES');
insert into city (postal_code, latitude, longitude, name, state_code, county) values ('81325','+37.929371','-108.846067','EGNAR','CO','SAN MIGUEL');
insert into city (postal_code, latitude, longitude, name, state_code, county) values ('81326','+37.205423','-108.138519','HESPERUS','CO','LA PLATA');
insert into city (postal_code, latitude, longitude, name, state_code, county) values ('81327','+37.458047','-108.655638','LEWIS','CO','MONTEZUMA');
insert into city (postal_code, latitude, longitude, name, state_code, county) values ('81328','+37.336041','-108.468364','MANCOS','CO','MONTEZUMA');
insert into city (postal_code, latitude, longitude, name, state_code, county) values ('81329','+37.092605','-108.125194','MARVEL','CO','LA PLATA');
insert into city (postal_code, latitude, longitude, name, state_code, county) values ('81330','+37.319207','-108.509012','MESA VERDE NATIONAL PARK','CO','MONTEZUMA');
insert into city (postal_code, latitude, longitude, name, state_code, county) values ('81331','+37.551564','-108.829926','PLEASANT VIEW','CO','MONTEZUMA');
insert into city (postal_code, latitude, longitude, name, state_code, county) values ('81332','+37.690498','-108.032410','RICO','CO','DOLORES');
insert into city (postal_code, latitude, longitude, name, state_code, county) values ('81334','+37.319207','-108.509012','TOWAOC','CO','MONTEZUMA');
insert into city (postal_code, latitude, longitude, name, state_code, county) values ('81335','+37.508114','-108.744007','YELLOW JACKET','CO','MONTEZUMA');
insert into city (postal_code, latitude, longitude, name, state_code, county) values ('81401','+38.443069','-108.050689','MONTROSE','CO','MONTROSE');
insert into city (postal_code, latitude, longitude, name, state_code, county) values ('81402','+38.485093','-107.885975','MONTROSE','CO','MONTROSE');
insert into city (postal_code, latitude, longitude, name, state_code, county) values ('81410','+38.805013','-107.983125','AUSTIN','CO','DELTA');
insert into city (postal_code, latitude, longitude, name, state_code, county) values ('81411','+38.348670','-108.937369','BEDROCK','CO','MONTROSE');
insert into city (postal_code, latitude, longitude, name, state_code, county) values ('81413','+38.881646','-107.795704','CEDAREDGE','CO','DELTA');
insert into city (postal_code, latitude, longitude, name, state_code, county) values ('81414','+38.788697','-107.986174','CORY','CO','DELTA');
insert into city (postal_code, latitude, longitude, name, state_code, county) values ('81415','+38.767652','-107.630890','CRAWFORD','CO','DELTA');
insert into city (postal_code, latitude, longitude, name, state_code, county) values ('81416','+38.785768','-107.970780','DELTA','CO','DELTA');
insert into city (postal_code, latitude, longitude, name, state_code, county) values ('81418','+38.875340','-107.961178','ECKERT','CO','DELTA');
insert into city (postal_code, latitude, longitude, name, state_code, county) values ('81419','+38.859973','-107.752349','HOTCHKISS','CO','DELTA');
insert into city (postal_code, latitude, longitude, name, state_code, county) values ('81420','+38.781745','-107.780778','LAZEAR','CO','DELTA');
insert into city (postal_code, latitude, longitude, name, state_code, county) values ('81421','+38.942927','-107.939831','MAHER','CO','DELTA');
insert into city (postal_code, latitude, longitude, name, state_code, county) values ('81422','+38.269387','-108.574539','NATURITA','CO','MONTROSE');
insert into city (postal_code, latitude, longitude, name, state_code, county) values ('81423','+38.028899','-108.316049','NORWOOD','CO','SAN MIGUEL');
insert into city (postal_code, latitude, longitude, name, state_code, county) values ('81424','+38.310689','-108.576690','NUCLA','CO','MONTROSE');
insert into city (postal_code, latitude, longitude, name, state_code, county) values ('81425','+38.497566','-108.078623','OLATHE','CO','MONTROSE');
insert into city (postal_code, latitude, longitude, name, state_code, county) values ('81426','+37.843026','-107.864540','OPHIR','CO','SAN MIGUEL');
insert into city (postal_code, latitude, longitude, name, state_code, county) values ('81427','+38.087654','-107.728712','OURAY','CO','OURAY');
insert into city (postal_code, latitude, longitude, name, state_code, county) values ('81428','+38.877198','-107.609167','PAONIA','CO','DELTA');
insert into city (postal_code, latitude, longitude, name, state_code, county) values ('81429','+38.371101','-108.969823','PARADOX','CO','MONTROSE');
insert into city (postal_code, latitude, longitude, name, state_code, county) values ('81430','+38.059321','-107.990438','PLACERVILLE','CO','SAN MIGUEL');
insert into city (postal_code, latitude, longitude, name, state_code, county) values ('81431','+38.192224','-108.415514','REDVALE','CO','MONTROSE');
insert into city (postal_code, latitude, longitude, name, state_code, county) values ('81432','+38.177464','-107.727360','RIDGWAY','CO','OURAY');
insert into city (postal_code, latitude, longitude, name, state_code, county) values ('81433','+37.848391','-107.680381','SILVERTON','CO','SAN JUAN');
insert into city (postal_code, latitude, longitude, name, state_code, county) values ('81434','+38.988409','-107.231438','SOMERSET','CO','GUNNISON');
insert into city (postal_code, latitude, longitude, name, state_code, county) values ('81435','+37.983589','-107.956606','TELLURIDE','CO','SAN MIGUEL');
insert into city (postal_code, latitude, longitude, name, state_code, county) values ('81501','+39.069019','-108.583126','GRAND JUNCTION','CO','MESA');
insert into city (postal_code, latitude, longitude, name, state_code, county) values ('81502','+39.017876','-108.481354','GRAND JUNCTION','CO','MESA');
insert into city (postal_code, latitude, longitude, name, state_code, county) values ('81503','+39.013584','-108.591229','GRAND JUNCTION','CO','MESA');
insert into city (postal_code, latitude, longitude, name, state_code, county) values ('81504','+39.123554','-108.589414','GRAND JUNCTION','CO','MESA');
insert into city (postal_code, latitude, longitude, name, state_code, county) values ('81505','+39.146570','-108.626481','GRAND JUNCTION','CO','MESA');
insert into city (postal_code, latitude, longitude, name, state_code, county) values ('81506','+39.089167','-108.566523','GRAND JUNCTION','CO','MESA');
insert into city (postal_code, latitude, longitude, name, state_code, county) values ('81520','+39.082460','-108.404055','CLIFTON','CO','MESA');
insert into city (postal_code, latitude, longitude, name, state_code, county) values ('81521','+39.149614','-108.685164','FRUITA','CO','MESA');
insert into city (postal_code, latitude, longitude, name, state_code, county) values ('81522','+38.678448','-108.971863','GATEWAY','CO','MESA');
insert into city (postal_code, latitude, longitude, name, state_code, county) values ('81523','+38.989416','-108.780970','GLADE PARK','CO','MESA');
insert into city (postal_code, latitude, longitude, name, state_code, county) values ('81524','+39.256425','-108.784460','LOMA','CO','MESA');
insert into city (postal_code, latitude, longitude, name, state_code, county) values ('81525','+39.246379','-108.933957','MACK','CO','MESA');
insert into city (postal_code, latitude, longitude, name, state_code, county) values ('81526','+39.095369','-108.299254','PALISADE','CO','MESA');
insert into city (postal_code, latitude, longitude, name, state_code, county) values ('81527','+38.814573','-108.604695','WHITEWATER','CO','MESA');
insert into city (postal_code, latitude, longitude, name, state_code, county) values ('81601','+39.500281','-107.585235','GLENWOOD SPRINGS','CO','GARFIELD');
insert into city (postal_code, latitude, longitude, name, state_code, county) values ('81602','+39.511742','-107.325336','GLENWOOD SPRINGS','CO','GARFIELD');
insert into city (postal_code, latitude, longitude, name, state_code, county) values ('81610','+40.367150','-108.277407','DINOSAUR','CO','MOFFAT');
insert into city (postal_code, latitude, longitude, name, state_code, county) values ('81611','+39.169324','-106.776744','ASPEN','CO','PITKIN');
insert into city (postal_code, latitude, longitude, name, state_code, county) values ('81612','+39.223416','-106.882774','ASPEN','CO','PITKIN');
insert into city (postal_code, latitude, longitude, name, state_code, county) values ('81615','+39.206518','-106.868877','SNOWMASS VILLAGE','CO','PITKIN');
insert into city (postal_code, latitude, longitude, name, state_code, county) values ('81620','+39.631349','-106.510843','AVON','CO','EAGLE');
insert into city (postal_code, latitude, longitude, name, state_code, county) values ('81621','+39.495223','-106.804842','BASALT','CO','EAGLE');
insert into city (postal_code, latitude, longitude, name, state_code, county) values ('81623','+39.476857','-107.388130','CARBONDALE','CO','GARFIELD');
insert into city (postal_code, latitude, longitude, name, state_code, county) values ('81624','+39.205633','-107.929135','COLLBRAN','CO','MESA');
insert into city (postal_code, latitude, longitude, name, state_code, county) values ('81625','+40.612421','-108.009784','CRAIG','CO','MOFFAT');
insert into city (postal_code, latitude, longitude, name, state_code, county) values ('81626','+40.667669','-107.783276','CRAIG','CO','MOFFAT');
insert into city (postal_code, latitude, longitude, name, state_code, county) values ('81630','+39.292409','-108.210688','DE BEQUE','CO','MESA');
insert into city (postal_code, latitude, longitude, name, state_code, county) values ('81631','+39.607401','-106.805111','EAGLE','CO','EAGLE');
insert into city (postal_code, latitude, longitude, name, state_code, county) values ('81632','+39.638166','-106.620644','EDWARDS','CO','EAGLE');
insert into city (postal_code, latitude, longitude, name, state_code, county) values ('81633','+40.377031','-108.398991','DINOSAUR','CO','MOFFAT');
insert into city (postal_code, latitude, longitude, name, state_code, county) values ('81635','+39.458498','-107.878874','PARACHUTE','CO','GARFIELD');
insert into city (postal_code, latitude, longitude, name, state_code, county) values ('81636','+39.430535','-108.023924','BATTLEMENT MESA','CO','GARFIELD');
insert into city (postal_code, latitude, longitude, name, state_code, county) values ('81637','+39.615505','-106.895722','GYPSUM','CO','EAGLE');
insert into city (postal_code, latitude, longitude, name, state_code, county) values ('81638','+40.297591','-107.665731','HAMILTON','CO','MOFFAT');
insert into city (postal_code, latitude, longitude, name, state_code, county) values ('81639','+40.438195','-107.277181','HAYDEN','CO','ROUTT');
insert into city (postal_code, latitude, longitude, name, state_code, county) values ('81640','+40.673756','-108.369943','MAYBELL','CO','MOFFAT');
insert into city (postal_code, latitude, longitude, name, state_code, county) values ('81641','+39.967864','-108.043592','MEEKER','CO','RIO BLANCO');
insert into city (postal_code, latitude, longitude, name, state_code, county) values ('81642','+39.294737','-106.715287','MEREDITH','CO','PITKIN');
insert into city (postal_code, latitude, longitude, name, state_code, county) values ('81643','+39.149320','-108.169723','MESA','CO','MESA');
insert into city (postal_code, latitude, longitude, name, state_code, county) values ('81645','+39.580461','-106.417574','MINTURN','CO','EAGLE');
insert into city (postal_code, latitude, longitude, name, state_code, county) values ('81646','+39.165152','-108.076508','MOLINA','CO','MESA');
insert into city (postal_code, latitude, longitude, name, state_code, county) values ('81647','+39.597433','-107.566159','NEW CASTLE','CO','GARFIELD');
insert into city (postal_code, latitude, longitude, name, state_code, county) values ('81648','+39.936331','-108.650793','RANGELY','CO','RIO BLANCO');
insert into city (postal_code, latitude, longitude, name, state_code, county) values ('81649','+39.458351','-106.385056','RED CLIFF','CO','EAGLE');
insert into city (postal_code, latitude, longitude, name, state_code, county) values ('81650','+39.582273','-107.794723','RIFLE','CO','GARFIELD');
insert into city (postal_code, latitude, longitude, name, state_code, county) values ('81652','+39.502817','-107.665664','SILT','CO','GARFIELD');
insert into city (postal_code, latitude, longitude, name, state_code, county) values ('81653','+40.997896','-107.338770','SLATER','CO','MOFFAT');
insert into city (postal_code, latitude, longitude, name, state_code, county) values ('81654','+39.251721','-106.922425','SNOWMASS','CO','PITKIN');
insert into city (postal_code, latitude, longitude, name, state_code, county) values ('81655','+39.790730','-106.696372','WOLCOTT','CO','EAGLE');
insert into city (postal_code, latitude, longitude, name, state_code, county) values ('81656','+39.283116','-106.898514','WOODY CREEK','CO','PITKIN');
insert into city (postal_code, latitude, longitude, name, state_code, county) values ('81657','+39.582400','-106.448730','VAIL','CO','EAGLE');
insert into city (postal_code, latitude, longitude, name, state_code, county) values ('81658','+39.624171','-106.497314','VAIL','CO','EAGLE');
